编号,隶属关系,被评论者昵称,被评论者ID,昵称,用户ID,评论内容,发布时间,点赞数
0,一级评论,up主,up主,kmhmw,527537312,爷爷加油 我是学生没有什么收入 不能帮到您什么 只能认真看完视频然后三连 尽自己的一份薄力,2022-08-26 18:50,166
0,二级评论,kmhmw,527537312,景秀前程老周抗癌中,1403656459,谢谢你！,2022-08-26 18:51,1
0,二级评论,kmhmw,527537312,JOYboom,167198239,超棒呀！小天使,2022-08-26 20:41,0
0,二级评论,kmhmw,527537312,晓城岚,1129409943,没事的，心意尽到了就可以啦,2022-08-26 21:57,0
0,二级评论,kmhmw,527537312,熊孩子2683,2083867935,我也是学生，也是江苏的,2022-08-26 22:07,0
0,二级评论,kmhmw,527537312,南安桥淮,356618833,昨天一口气给爷爷投了二十多个币，我现在攒币下次再来,2022-08-27 08:30,1
0,二级评论,kmhmw,527537312,账号已注销,381474147,回复 @南安桥淮 :加油，加入风纪委员努力一点一个月额外给你30个硬币,2022-08-27 09:11,0
1,一级评论,up主,up主,Hpuprains,1540452791,来啦来啦来啦我的好爷爷，今天的菜看起来特别有食欲（当然以前的也有食欲），已点赞投币啦！！！我明天就开学了真的不想开学呜呜呜，爷爷要天天开心哦,2022-08-26 18:41,64
1,二级评论,Hpuprains,1540452791,景秀前程老周抗癌中,1403656459,学业为重，谢谢你！,2022-08-26 18:42,2
1,二级评论,Hpuprains,1540452791,小熊爱上吃饭了没,588820885,哈哈哈哈哈，爷爷今天做的菜看着很有食欲呢！,2022-08-26 22:16,0
1,二级评论,Hpuprains,1540452791,一只老神经awa,1104180707,我也明天开学好像我们这里一开学就要考试,2022-08-27 11:03,0
2,一级评论,up主,up主,OscarEmboaba11,1426608363,隔着屏幕都闻到香味了,2022-08-26 18:42,33
2,二级评论,OscarEmboaba11,1426608363,景秀前程老周抗癌中,1403656459,哈哈，谢谢你！,2022-08-26 18:43,0
3,一级评论,up主,up主,我叫小白李,1131534625,热乎的,2022-08-26 18:47,22
3,二级评论,我叫小白李,1131534625,景秀前程老周抗癌中,1403656459,谢谢你！,2022-08-26 18:47,0
4,一级评论,up主,up主,泯Min_,483365103,我明天就要开学啦爷爷，以后再见啦，今晚把我剩的币都投给您其他的视频里啦（希望以后回来爷爷还记得我）,2022-08-27 00:58,18
4,二级评论,泯Min_,483365103,景秀前程老周抗癌中,1403656459,谢谢你！,2022-08-27 06:39,0
5,一级评论,up主,up主,难分难舍真与假,312986462,爷爷晚上好，爷爷加油啊！,2022-08-26 18:49,9
5,二级评论,难分难舍真与假,312986462,景秀前程老周抗癌中,1403656459,谢谢你！,2022-08-26 18:50,1
6,一级评论,up主,up主,好耶夜哈j,1099543875,爷爷，我马上就要开学，可能没有时间看你直播，不过我每天都会三连的,2022-08-26 18:56,8
6,二级评论,好耶夜哈j,1099543875,景秀前程老周抗癌中,1403656459,谢谢你,2022-08-26 21:19,0
7,一级评论,up主,up主,见天若锦_0924,5155494,今天又有虾仁呀，西蓝花和虾仁我都喜欢吃。爷爷加油,2022-08-26 18:40,7
7,二级评论,见天若锦_0924,5155494,景秀前程老周抗癌中,1403656459,哈哈，谢谢你！,2022-08-26 18:41,0
8,一级评论,up主,up主,小王狒,1684632026,看到大家都为爷爷加油，真的感动到了，爷爷健康！大家一起赶走病魔！,2022-08-27 21:18,5
8,二级评论,小王狒,1684632026,景秀前程老周抗癌中,1403656459,谢谢你,2022-08-27 21:34,0
9,一级评论,up主,up主,泠离小姐,406771558,爷爷加油，请记住我哦,2022-08-26 22:42,5
9,二级评论,泠离小姐,406771558,景秀前程老周抗癌中,1403656459,谢谢你,2022-08-27 06:40,0
10,一级评论,up主,up主,是谭sir啊,1133113286,爷爷加油，每天都会支持您的!,2022-08-26 23:32,4
10,二级评论,是谭sir啊,1133113286,景秀前程老周抗癌中,1403656459,谢谢你,2022-08-27 06:39,1
11,一级评论,up主,up主,マルチバンド妄想,450872343,喜欢今天的菜~,2022-08-26 23:15,4
11,二级评论,マルチバンド妄想,450872343,景秀前程老周抗癌中,1403656459,谢谢你,2022-08-27 06:39,0
12,一级评论,up主,up主,64345sx,2221053,虾仁看着好香啊,2022-08-26 23:05,4
12,二级评论,64345sx,2221053,景秀前程老周抗癌中,1403656459,谢谢你,2022-08-27 06:39,0
12,二级评论,64345sx,2221053,64345sx,2221053,回复 @景秀前程老周抗癌中 :爷爷客气了,2022-08-27 07:05,0
13,一级评论,up主,up主,冷漠小羊在线冲浪,1478729281,爷爷爷爷你是哪里人呀？今天状态看起来又不错了加油加油,2022-08-26 22:36,4
13,二级评论,冷漠小羊在线冲浪,1478729281,景秀前程老周抗癌中,1403656459,江苏苏州的，谢谢你！,2022-08-27 06:39,0
14,一级评论,up主,up主,账号已注销,1779107987,爷爷加油！,2022-08-26 20:04,4
14,二级评论,账号已注销,1779107987,景秀前程老周抗癌中,1403656459,谢谢你,2022-08-26 21:18,1
15,一级评论,up主,up主,桂花糕huauh,321590732,？爷爷炒菜不是加油了吗，咋一堆人一直提醒爷爷加油,2022-08-27 00:40,3
15,二级评论,桂花糕huauh,321590732,景秀前程老周抗癌中,1403656459,哈哈，谢谢你！,2022-08-27 06:48,0
16,一级评论,up主,up主,陈平安的伴郎,1457787018,非常喜欢吃西兰花，但是不太喜欢吃梗，所以一般会把梗切掉大部分，这样子就会非常甜，加个沙拉酱也非常好吃,2022-08-26 22:16,3
16,二级评论,陈平安的伴郎,1457787018,景秀前程老周抗癌中,1403656459,谢谢你！,2022-08-27 06:40,1
17,一级评论,up主,up主,春樱___,5542525,爷爷的眼睛很有神，说话也很沉稳，身体一定是在好转中的,2022-08-26 21:53,3
17,二级评论,春樱___,5542525,景秀前程老周抗癌中,1403656459,谢谢你！,2022-08-27 06:41,0
18,一级评论,up主,up主,pandadaooo,375734075,菜谱又丰富啦,2022-08-26 18:39,3
18,二级评论,pandadaooo,375734075,景秀前程老周抗癌中,1403656459,谢谢你,2022-08-26 21:19,0
19,一级评论,up主,up主,BVEZOPE,89326996,看食材就开始流口水了,2022-08-26 18:35,3
19,二级评论,BVEZOPE,89326996,景秀前程老周抗癌中,1403656459,哈哈，谢谢你！,2022-08-26 18:35,1
20,一级评论,up主,up主,网名不会取-,383502974,来投币力，爷爷,2022-08-28 22:59,2
20,二级评论,网名不会取-,383502974,景秀前程老周抗癌中,1403656459,谢谢你,2022-08-29 06:03,0
21,一级评论,up主,up主,远芳_晴翠,493205411,我喜欢吃虾仁,2022-08-28 19:08,2
21,二级评论,远芳_晴翠,493205411,景秀前程老周抗癌中,1403656459,哈哈,2022-08-28 19:09,0
22,一级评论,up主,up主,GianmarcoTamberi,504141179,看着好好吃呀，我在方舱医院啥也没有我出去后一定要试试这道菜,2022-08-27 17:30,2
22,二级评论,GianmarcoTamberi,504141179,景秀前程老周抗癌中,1403656459,谢谢你！,2022-08-27 17:37,0
23,一级评论,up主,up主,morning_Pearl,88946903,爷爷我要开学了以后不能天天给你投币了,2022-08-27 16:02,2
23,二级评论,morning_Pearl,88946903,景秀前程老周抗癌中,1403656459,学业为重，谢谢你！,2022-08-27 16:23,1
24,一级评论,up主,up主,宇你有道,1046695057,加油加油加油加油,2022-08-26 23:53,2
24,二级评论,宇你有道,1046695057,景秀前程老周抗癌中,1403656459,谢谢你,2022-08-27 06:50,0
25,一级评论,up主,up主,骑着碰碰车去流浪,686730251,好棒,2022-08-26 23:17,2
26,一级评论,up主,up主,绞纱全世界刻不容缓,1815469754,爷爷加油,2022-08-26 23:16,2
26,二级评论,绞纱全世界刻不容缓,1815469754,景秀前程老周抗癌中,1403656459,谢谢你,2022-08-27 06:40,0
27,一级评论,up主,up主,myraup,14381577,爷爷做金刚功 长寿功吧 治病,2022-08-26 23:13,2
27,二级评论,myraup,14381577,景秀前程老周抗癌中,1403656459,谢谢你,2022-08-27 06:45,0
28,一级评论,up主,up主,灼灼桃花仙呢,330217524,爷爷加油啊！,2022-08-26 23:12,2
29,一级评论,up主,up主,醉里看花影,230179729,每次都是我爱吃的 ,2022-08-26 23:10,2
29,二级评论,醉里看花影,230179729,景秀前程老周抗癌中,1403656459,谢谢你,2022-08-27 06:45,0
30,一级评论,up主,up主,乞丐国外交员,1026615705,香香,2022-08-26 23:04,2
30,二级评论,乞丐国外交员,1026615705,景秀前程老周抗癌中,1403656459,谢谢你,2022-08-27 06:43,0
31,一级评论,up主,up主,恰饭高,3461565405727259,爷爷加油做的饭看起来很棒,2022-08-26 22:55,2
32,一级评论,up主,up主,一个妙妙人,1419766777,爷爷加油啊，心态好对身体也好的,2022-08-26 22:40,2
32,二级评论,一个妙妙人,1419766777,景秀前程老周抗癌中,1403656459,谢谢你,2022-08-27 06:40,0
33,一级评论,up主,up主,BlueMoutain1987,399376854,来了,2022-08-26 22:10,2
33,二级评论,BlueMoutain1987,399376854,景秀前程老周抗癌中,1403656459,谢谢你,2022-08-27 06:48,0
34,一级评论,up主,up主,safa_ss,10339321,爷爷的厨艺比我还太多啦！做的饭菜一定很香,2022-08-26 22:03,2
34,二级评论,safa_ss,10339321,景秀前程老周抗癌中,1403656459,哈哈谢谢你！,2022-08-27 06:41,1
35,一级评论,up主,up主,晓城岚,1129409943,爷爷加油！一定会好起来的！,2022-08-26 21:58,2
35,二级评论,晓城岚,1129409943,景秀前程老周抗癌中,1403656459,谢谢你,2022-08-27 06:45,0
36,一级评论,up主,up主,汪小弟mm,442803424,为什么我的输入法直接打出来是西蓝花，哈哈。西蓝花要不要焯一下水再炒呀，感觉不容易熟,2022-08-26 21:48,2
36,二级评论,汪小弟mm,442803424,景秀前程老周抗癌中,1403656459,不用的吧，生的都可以吃啊,2022-08-27 06:41,0
37,一级评论,up主,up主,崽崽我是火锅啊,12653557,来啦来啦爷爷加油,2022-08-26 21:44,2
37,二级评论,崽崽我是火锅啊,12653557,景秀前程老周抗癌中,1403656459,谢谢你！,2022-08-26 21:45,0
38,一级评论,up主,up主,POLToby,88853639,超爱西兰花啊，爷爷加油,2022-08-26 19:19,2
38,二级评论,POLToby,88853639,景秀前程老周抗癌中,1403656459,谢谢你,2022-08-26 21:21,1
39,一级评论,up主,up主,中華さん_种花君,1161968836,，我币用完了，下周再给爷爷投吧,2022-08-26 19:14,2
39,二级评论,中華さん_种花君,1161968836,张义TGIF,1330450968,靓仔，这币我先替你投了，以后记得补上两枚,2022-08-26 23:39,0
39,二级评论,中華さん_种花君,1161968836,景秀前程老周抗癌中,1403656459,谢谢你,2022-08-26 21:20,0
40,一级评论,up主,up主,路仌丙,431465953,还行，来得算及时,2022-08-26 18:49,2
40,二级评论,路仌丙,431465953,景秀前程老周抗癌中,1403656459,哈哈谢谢你！,2022-08-26 18:50,0
41,一级评论,up主,up主,淼淼喵喵_miao,379295336,爷爷加油，一定要坚持下去,2022-08-26 18:38,2
41,二级评论,淼淼喵喵_miao,379295336,景秀前程老周抗癌中,1403656459,谢谢你！,2022-08-26 18:39,0
42,一级评论,up主,up主,好se阿龙,1630575797,加油,2022-08-29 14:08,1
42,二级评论,好se阿龙,1630575797,景秀前程老周抗癌中,1403656459,谢谢你,2022-08-29 15:07,0
43,一级评论,up主,up主,羊嚼不动草鱼,5848296,爷爷爷爷爷爷爷爷～晚上好，明天不熬夜了,2022-08-29 00:55,1
43,二级评论,羊嚼不动草鱼,5848296,景秀前程老周抗癌中,1403656459,谢谢你,2022-08-29 06:03,0
44,一级评论,up主,up主,Alan屑无人,508865766,加油，康复了记得继续更新哦,2022-08-28 09:28,1
44,二级评论,Alan屑无人,508865766,景秀前程老周抗癌中,1403656459,谢谢你,2022-08-28 09:32,0
45,一级评论,up主,up主,霄瑜,488380425,爷爷加油！,2022-08-27 19:04,1
45,二级评论,霄瑜,488380425,景秀前程老周抗癌中,1403656459,谢谢你,2022-08-27 21:34,1
46,一级评论,up主,up主,叫我高仿,2052917961,爷爷加油我把三连给你,2022-08-27 17:34,1
46,二级评论,叫我高仿,2052917961,景秀前程老周抗癌中,1403656459,谢谢你！,2022-08-27 17:37,0
47,一级评论,up主,up主,海棠枪,17721747,爷爷我来啦，要加油！刚大学毕业，正在忙碌备考、面试，有时候赶不上看直播，但看爷爷气色越来越好啦！,2022-08-27 16:45,1
47,二级评论,海棠枪,17721747,景秀前程老周抗癌中,1403656459,恭喜你，谢谢你！,2022-08-27 16:49,0
48,一级评论,up主,up主,无名氏之一的我,490350409,来了,2022-08-27 11:43,1
48,二级评论,无名氏之一的我,490350409,景秀前程老周抗癌中,1403656459,谢谢你！,2022-08-27 11:51,1
49,一级评论,up主,up主,零默上校,1524229914,本来不怎么爱吃西蓝花，但是和虾仁一炒，鲜香味一下就出来了，好吃,2022-08-27 07:35,1
49,二级评论,零默上校,1524229914,景秀前程老周抗癌中,1403656459,哈哈谢谢你！,2022-08-27 07:46,0
50,一级评论,up主,up主,好好学习的茉里,427172914,爷爷加油呜呜呜呜，一直支持你！！！,2022-08-26 23:57,1
50,二级评论,好好学习的茉里,427172914,景秀前程老周抗癌中,1403656459,谢谢你,2022-08-27 06:40,0
51,一级评论,up主,up主,映我,1599395409,加油💪会好起来！,2022-08-26 23:41,1
51,二级评论,映我,1599395409,景秀前程老周抗癌中,1403656459,谢谢你,2022-08-27 06:42,0
52,一级评论,up主,up主,EGtarik,17796951,爷爷加油！,2022-08-26 23:36,1
52,二级评论,EGtarik,17796951,景秀前程老周抗癌中,1403656459,谢你了,2022-08-27 06:42,0
53,一级评论,up主,up主,林靖華,483639117,加油加油,2022-08-26 22:22,1
53,二级评论,林靖華,483639117,景秀前程老周抗癌中,1403656459,谢谢你,2022-08-27 06:40,0
54,一级评论,up主,up主,小岛壳,558736774,爷爷我来啦！！,2022-08-26 22:20,1
54,二级评论,小岛壳,558736774,景秀前程老周抗癌中,1403656459,谢谢你,2022-08-27 06:49,0
55,一级评论,up主,up主,愛笑的阿飞,371087570,完了，看完爷爷的视频又饿了,2022-08-26 21:48,1
55,二级评论,愛笑的阿飞,371087570,景秀前程老周抗癌中,1403656459,哈哈，谢谢你（⌒▽⌒）（⌒▽⌒）,2022-08-26 21:48,1
56,一级评论,up主,up主,壹捌_xjxw,1234515319,爷爷晚上好直播辛苦啦,2022-08-26 20:08,1
56,二级评论,壹捌_xjxw,1234515319,景秀前程老周抗癌中,1403656459,谢谢你,2022-08-26 21:20,0
57,一级评论,up主,up主,哪里都是你-阿伦,454121939,,2022-08-26 19:21,1
57,二级评论,哪里都是你-阿伦,454121939,景秀前程老周抗癌中,1403656459,谢谢你,2022-08-26 21:20,1
58,一级评论,up主,up主,FLYONT_,1464123176,爷爷加油，今天的饭看起来也好好吃，正好在犹豫吃什么，回家就尝试爷爷的新菜,2022-08-26 19:19,1
58,二级评论,FLYONT_,1464123176,景秀前程老周抗癌中,1403656459,谢谢你,2022-08-26 21:20,0
59,一级评论,up主,up主,银河看星星,520263394,我饿了,2022-08-26 19:08,1
59,二级评论,银河看星星,520263394,景秀前程老周抗癌中,1403656459,谢谢你,2022-08-26 21:20,0
60,一级评论,up主,up主,年少无知小白狼,481040835,晚上好爷爷，加油！祝早日康复！,2022-08-26 18:55,1
60,二级评论,年少无知小白狼,481040835,景秀前程老周抗癌中,1403656459,谢谢你,2022-08-26 21:21,0
61,一级评论,up主,up主,南吕红染,484795914,爷爷加油！,2022-08-26 18:39,1
61,二级评论,南吕红染,484795914,景秀前程老周抗癌中,1403656459,谢谢你！,2022-08-26 18:39,0
62,一级评论,up主,up主,鳗鱼不要蜜汁,37830350,我超级喜欢吃西蓝花，哈哈哈哈哈哈哈哈我妈妈也会给我做这道菜，在视频中看到爷爷的这道菜，真的感觉很亲切,2022-09-16 20:25,0
62,二级评论,鳗鱼不要蜜汁,37830350,景秀前程老周抗癌中,1403656459,谢谢你,2022-09-16 21:09,0
63,一级评论,up主,up主,八十五岁返租仙人,494479826,已投币,2022-09-11 12:30,0
63,二级评论,八十五岁返租仙人,494479826,景秀前程老周抗癌中,1403656459,谢谢你,2022-09-11 12:31,0
64,一级评论,up主,up主,随便取个名字好了恰,496927759,加油,2022-09-10 11:30,0
64,二级评论,随便取个名字好了恰,496927759,景秀前程老周抗癌中,1403656459,谢谢你,2022-09-10 11:36,0
65,一级评论,up主,up主,Forty_Lion,437714334,爷爷加油,2022-09-08 11:48,0
65,二级评论,Forty_Lion,437714334,景秀前程老周抗癌中,1403656459,谢谢你,2022-09-08 12:10,0
66,一级评论,up主,up主,腹肌养成计划s,379494617,加油爷爷，向每一位对抗生活的战士致敬！,2022-09-07 13:51,0
67,一级评论,up主,up主,天生傲骨豈能輸,391293016,一定要加油呀！,2022-09-07 12:38,0
67,二级评论,天生傲骨豈能輸,391293016,景秀前程老周抗癌中,1403656459,谢谢你,2022-09-07 13:56,0
68,一级评论,up主,up主,孩子想上六级,355299484,三连了！坚持学习！爷爷加油！,2022-09-06 20:58,0
68,二级评论,孩子想上六级,355299484,景秀前程老周抗癌中,1403656459,谢谢你,2022-09-07 06:07,0
69,一级评论,up主,up主,阳光开朗星星鹅,1526136588,感觉爷爷做的每个菜都清淡又好吃，支持爷爷,2022-09-05 10:58,0
69,二级评论,阳光开朗星星鹅,1526136588,景秀前程老周抗癌中,1403656459,谢谢你！,2022-09-05 11:03,0
70,一级评论,up主,up主,-逸然-,483020428,爷爷加油！,2022-09-03 16:29,0
70,二级评论,-逸然-,483020428,景秀前程老周抗癌中,1403656459,谢谢你,2022-09-03 16:45,1
71,一级评论,up主,up主,哎嘿でなんだよ,1919677130,西兰花还用焯水吗?,2022-09-02 23:17,0
71,二级评论,哎嘿でなんだよ,1919677130,景秀前程老周抗癌中,1403656459,一般不用焯水,2022-09-03 06:13,0
72,一级评论,up主,up主,继续减肥啊,1400707910,加油,2022-09-01 06:27,0
72,二级评论,继续减肥啊,1400707910,景秀前程老周抗癌中,1403656459,谢谢你,2022-09-01 06:43,0
73,一级评论,up主,up主,ChenYi7417,1533588526,看到虾仁就觉得好吃😋,2022-08-31 19:26,0
74,一级评论,up主,up主,ChenYi7417,1533588526,看到虾仁就觉得好吃😋,2022-08-31 19:25,0
74,二级评论,ChenYi7417,1533588526,景秀前程老周抗癌中,1403656459,谢谢,2022-08-31 21:17,0
75,一级评论,up主,up主,暗涌沉浮,11412365,爷爷加油！,2022-08-31 09:18,0
75,二级评论,暗涌沉浮,11412365,景秀前程老周抗癌中,1403656459,谢谢你！,2022-08-31 09:21,0
76,一级评论,up主,up主,是氩弧啊,361370247,爷爷每一条评论都有认真回复 祝爷爷天天开心 身体健健康康,2022-08-30 15:35,0
76,二级评论,是氩弧啊,361370247,景秀前程老周抗癌中,1403656459,谢谢你（⌒▽⌒）（⌒▽⌒）,2022-08-30 15:54,0
77,一级评论,up主,up主,童心未泯黑暗料理王,674618226,投币了！加油爷爷,2022-08-29 21:56,0
77,二级评论,童心未泯黑暗料理王,674618226,景秀前程老周抗癌中,1403656459,谢谢你,2022-08-30 05:58,0
78,一级评论,up主,up主,小接Q,5223118,如果相信中医可以联系一下西安中医薛应中,2022-08-29 21:55,0
78,二级评论,小接Q,5223118,景秀前程老周抗癌中,1403656459,谢谢你！,2022-08-30 05:58,0
79,一级评论,up主,up主,whydontwe,473021477,爷爷太能干啦，祝爷爷身体健康！,2022-08-28 14:42,0
79,二级评论,whydontwe,473021477,景秀前程老周抗癌中,1403656459,谢谢你,2022-08-28 14:44,0
80,一级评论,up主,up主,听凭巴巴托斯引导,494594747,,2022-08-27 18:27,0
80,二级评论,听凭巴巴托斯引导,494594747,景秀前程老周抗癌中,1403656459,谢谢你！,2022-08-27 18:33,0
81,一级评论,up主,up主,KIDIKJAD,1147255083,爷爷加油！三连啦,2022-08-27 14:11,0
81,二级评论,KIDIKJAD,1147255083,景秀前程老周抗癌中,1403656459,谢谢你！,2022-08-27 14:22,0
82,一级评论,up主,up主,蛙哥的芸豆角,329475834,我第一次炒这个菜的时候先放的木耳，那时候第一次见到了炸厨房,2022-08-27 14:08,0
82,二级评论,蛙哥的芸豆角,329475834,景秀前程老周抗癌中,1403656459,,2022-08-27 14:22,0
83,一级评论,up主,up主,来日方长的柠檬树,249154460,看着好想吃,2022-08-27 14:02,0
83,二级评论,来日方长的柠檬树,249154460,来日方长的柠檬树,249154460,回复 @景秀前程老周抗癌中 :不客气哒,2022-08-27 15:47,0
83,二级评论,来日方长的柠檬树,249154460,景秀前程老周抗癌中,1403656459,谢谢你,2022-08-27 14:05,0
84,一级评论,up主,up主,怎莫又睡着了,13305305,看起来就好吃  爷爷加油！,2022-08-27 13:22,0
84,二级评论,怎莫又睡着了,13305305,景秀前程老周抗癌中,1403656459,谢谢你！,2022-08-27 13:24,0
85,一级评论,up主,up主,渣渣黄zzh,438356135,加油加油加油继续加油！！！,2022-08-27 11:28,0
85,二级评论,渣渣黄zzh,438356135,景秀前程老周抗癌中,1403656459,谢谢你,2022-08-27 11:37,0
86,一级评论,up主,up主,x飞毛腿-,2122523405,爷爷我来了,2022-08-27 11:17,0
86,二级评论,x飞毛腿-,2122523405,景秀前程老周抗癌中,1403656459,谢谢你,2022-08-27 11:21,0
87,一级评论,up主,up主,不考上西安交大不改名,402713621,爷爷加油,2022-08-27 11:17,0
87,二级评论,不考上西安交大不改名,402713621,景秀前程老周抗癌中,1403656459,谢谢你,2022-08-27 11:21,0
88,一级评论,up主,up主,你亲爱的海棠吖,701679282,能做的就是给爷爷两枚硬币。爷爷加油,2022-08-27 10:54,0
88,二级评论,你亲爱的海棠吖,701679282,景秀前程老周抗癌中,1403656459,谢谢你！,2022-08-27 10:56,0
89,一级评论,up主,up主,阿兹卡班在,1667778516,没有什么可以帮到您的，只能发一句加油,2022-08-27 10:43,0
89,二级评论,阿兹卡班在,1667778516,景秀前程老周抗癌中,1403656459,谢谢你！,2022-08-27 10:56,0
90,一级评论,up主,up主,再地域黑先把你给噶了,610861433,我们30号就开学，最近几天疯狂写作业中，饭都来不及吃。看见爷爷做的菜直接想穿过屏幕啃一口,2022-08-27 10:32,0
90,二级评论,再地域黑先把你给噶了,610861433,景秀前程老周抗癌中,1403656459,回复 @帝君除我苦茶籽 :（⌒▽⌒）（⌒▽⌒）（⌒▽⌒）（⌒▽⌒）,2022-08-27 11:21,0
90,二级评论,再地域黑先把你给噶了,610861433,再地域黑先把你给噶了,610861433,回复 @景秀前程老周抗癌中 :从我嘴里把心心拿出来送给爷爷,2022-08-27 11:20,0
90,二级评论,再地域黑先把你给噶了,610861433,景秀前程老周抗癌中,1403656459,哈哈，谢谢你！,2022-08-27 10:56,0
91,一级评论,up主,up主,魔法梅莉offical,147027333,好耶！我喜欢西蓝花，虾仁也喜欢,2022-08-27 09:11,0
91,二级评论,魔法梅莉offical,147027333,景秀前程老周抗癌中,1403656459,哈哈，谢谢你！,2022-08-27 10:09,1
92,一级评论,up主,up主,佳哈哈哈哈哈哈哈哈,1695665723,加油爷爷,2022-08-27 09:06,0
92,二级评论,佳哈哈哈哈哈哈哈哈,1695665723,景秀前程老周抗癌中,1403656459,谢谢你,2022-08-27 10:09,0
93,一级评论,up主,up主,阿瓶bin,1430070006,"爷爷要快点好起来,加油！❤️❤️🫂",2022-08-27 08:59,0
93,二级评论,阿瓶bin,1430070006,景秀前程老周抗癌中,1403656459,谢谢你！,2022-08-27 10:09,0
94,一级评论,up主,up主,Blackrosede,343518100,加油爷爷！,2022-08-27 08:08,0
94,二级评论,Blackrosede,343518100,景秀前程老周抗癌中,1403656459,谢谢你,2022-08-27 08:12,0
95,一级评论,up主,up主,琳陵,1377868130,好丰富,2022-08-27 07:55,0
95,二级评论,琳陵,1377868130,景秀前程老周抗癌中,1403656459,谢谢你,2022-08-27 07:56,0
96,一级评论,up主,up主,夕宝喷墨中,457222151,爷爷加油今天开学了，不能常看爷爷的视频了,2022-08-27 07:44,0
96,二级评论,夕宝喷墨中,457222151,景秀前程老周抗癌中,1403656459,学业为重，谢谢你！,2022-08-27 07:46,1
97,一级评论,up主,up主,不在乎何曾-,1425174205,爷爷加油！,2022-08-27 07:06,0
97,二级评论,不在乎何曾-,1425174205,景秀前程老周抗癌中,1403656459,谢谢你,2022-08-27 07:46,0
98,一级评论,up主,up主,MingH_,384108558,加油,2022-08-27 05:16,0
98,二级评论,MingH_,384108558,景秀前程老周抗癌中,1403656459,谢谢你,2022-08-27 06:42,0
99,一级评论,up主,up主,小羊不着急咩,481294747,要加油呀,2022-08-27 05:01,0
99,二级评论,小羊不着急咩,481294747,景秀前程老周抗癌中,1403656459,谢谢你,2022-08-27 06:42,0
100,一级评论,up主,up主,些无聊事,22270516,半夜看爷爷的视频看饿啦，家常菜的味道真的太好了,2022-08-27 02:22,0
100,二级评论,些无聊事,22270516,景秀前程老周抗癌中,1403656459,谢谢你,2022-08-27 06:45,0
101,一级评论,up主,up主,哈哈哈你猜不透我吧,550367442,爷爷加油！,2022-08-27 02:14,0
101,二级评论,哈哈哈你猜不透我吧,550367442,景秀前程老周抗癌中,1403656459,谢谢你,2022-08-27 06:42,0
102,一级评论,up主,up主,哈哈哈你猜不透我吧,550367442,三连了,2022-08-27 02:14,0
102,二级评论,哈哈哈你猜不透我吧,550367442,景秀前程老周抗癌中,1403656459,谢谢你,2022-08-27 06:42,0
103,一级评论,up主,up主,小婷砸i,312694464,看着好香啊好想吃,2022-08-27 02:16,0
103,二级评论,小婷砸i,312694464,景秀前程老周抗癌中,1403656459,谢谢你,2022-08-27 06:42,0
104,一级评论,up主,up主,梵高的左耳88,449728628,叔一切安好,2022-08-27 02:00,0
104,二级评论,梵高的左耳88,449728628,景秀前程老周抗癌中,1403656459,谢谢你,2022-08-27 06:42,0
105,一级评论,up主,up主,luvAu4ever,382033395,爷爷加油，开学以后我得住校，不能常来光顾您的视频了。但是我会尽量把每次的都补上，再给您点赞的，祝爷爷身体健康。,2022-08-27 01:36,0
105,二级评论,luvAu4ever,382033395,景秀前程老周抗癌中,1403656459,学业为重，谢谢你！,2022-08-27 06:43,0
106,一级评论,up主,up主,放出鸟笼才是爱,320841263,支持,2022-08-27 01:29,0
106,二级评论,放出鸟笼才是爱,320841263,景秀前程老周抗癌中,1403656459,谢谢你,2022-08-27 06:42,0
107,一级评论,up主,up主,是阿忠呐,1263379362,您好，建议把不知道从什么时候开始、不知道为什么要吃、不知道为什么每天都会吃到、不知道吃了多少年的无孔不入的生姜和大蒜籽先戒掉试一试，虽然年龄偏大自愈力大幅下降，但是可能对身体的自愈力会有一丁点改善的。,2022-08-27 01:18,0
107,二级评论,是阿忠呐,1263379362,景秀前程老周抗癌中,1403656459,呵呵，谢谢你！,2022-08-27 06:45,0
108,一级评论,up主,up主,团霸小逗比,19118474,爷爷我来啦！,2022-08-27 01:09,0
108,二级评论,团霸小逗比,19118474,景秀前程老周抗癌中,1403656459,谢谢你,2022-08-27 06:42,0
109,一级评论,up主,up主,甄開辛,509876317,加油💪我唯一能做的就是投币点赞了！,2022-08-27 01:02,0
109,二级评论,甄開辛,509876317,景秀前程老周抗癌中,1403656459,谢谢你,2022-08-27 06:45,0
110,一级评论,up主,up主,神奇的狗官,549625954,爷爷记得日更啊！一天看不见您就难受！,2022-08-27 00:59,0
110,二级评论,神奇的狗官,549625954,景秀前程老周抗癌中,1403656459,哈哈谢谢你！,2022-08-27 06:43,0
111,一级评论,up主,up主,阿止止止丶,331378520,耶！虾仁～,2022-08-27 00:54,0
111,二级评论,阿止止止丶,331378520,景秀前程老周抗癌中,1403656459,谢谢你,2022-08-27 06:42,0
112,一级评论,up主,up主,林檎114514,1129231738,爷爷加油,2022-08-27 00:47,0
112,二级评论,林檎114514,1129231738,景秀前程老周抗癌中,1403656459,谢谢你,2022-08-27 06:42,0
113,一级评论,up主,up主,可以吃的小喜,1963928506,爷爷加油😊,2022-08-27 00:42,0
113,二级评论,可以吃的小喜,1963928506,景秀前程老周抗癌中,1403656459,谢谢你,2022-08-27 06:42,0
114,一级评论,up主,up主,の小尾巴哟,20896876,这个菜这么快的吗……当初我怕西兰花没炒熟 把它都炒焉了…,2022-08-27 00:39,0
114,二级评论,の小尾巴哟,20896876,の小尾巴哟,20896876,回复 @景秀前程老周抗癌中 :谢谢大爷 长知识啦,2022-08-27 17:02,0
114,二级评论,の小尾巴哟,20896876,景秀前程老周抗癌中,1403656459,哈哈，很快的，西兰花生的都可以吃啊,2022-08-27 06:44,0
115,一级评论,up主,up主,东方凤幼-港配剪辑剧,23367044,支持,2022-08-27 00:32,0
115,二级评论,东方凤幼-港配剪辑剧,23367044,景秀前程老周抗癌中,1403656459,谢谢你,2022-08-27 06:43,0
116,一级评论,up主,up主,Lunacysea-,272834909,感觉爷爷钟爱五香粉,2022-08-27 00:08,0
116,二级评论,Lunacysea-,272834909,景秀前程老周抗癌中,1403656459,哈哈，五香粉就是一调料，谢谢你！,2022-08-27 06:44,0
117,一级评论,up主,up主,矮胖丑的球,439155631,明天就去买西兰花,2022-08-27 00:01,0
117,二级评论,矮胖丑的球,439155631,景秀前程老周抗癌中,1403656459,哈哈，谢谢你！,2022-08-27 06:44,0
118,一级评论,up主,up主,业余反派,15174217,三连啦哈哈哈哈哈哈哈,2022-08-26 23:58,0
118,二级评论,业余反派,15174217,景秀前程老周抗癌中,1403656459,谢谢你,2022-08-27 06:49,0
119,一级评论,up主,up主,提笔丶花海,522724073,爷爷我后天要考试了不能看您的视频了,2022-08-26 23:00,0
119,二级评论,提笔丶花海,522724073,景秀前程老周抗癌中,1403656459,学业为重，谢谢你！,2022-08-27 06:49,0
120,一级评论,up主,up主,梦奭之ameng,1181589145,爷爷晚上好！我们快开学啦。爷爷的视频尽量每个都三连了，爷爷加油！,2022-08-26 22:51,0
120,二级评论,梦奭之ameng,1181589145,景秀前程老周抗癌中,1403656459,学业为重，谢谢你！,2022-08-27 06:50,0
121,一级评论,up主,up主,艾琳的心上人呐,593727978,爷爷加油加油加油加油加油,2022-08-26 22:47,0
121,二级评论,艾琳的心上人呐,593727978,景秀前程老周抗癌中,1403656459,谢谢你！,2022-08-27 06:50,1
122,一级评论,up主,up主,咖啡不气丶,287320732,刚下班就看见爷爷视频，好饿好饿好饿,2022-08-26 22:35,0
122,二级评论,咖啡不气丶,287320732,景秀前程老周抗癌中,1403656459,谢谢你,2022-08-27 06:45,0
123,一级评论,up主,up主,你不高兴我就开心啦,324908835,哇，这个菜我爷爷也做给我吃过，嘎嘎香超好吃！😋😋😋,2022-08-26 22:28,0
123,二级评论,你不高兴我就开心啦,324908835,景秀前程老周抗癌中,1403656459,谢谢你！,2022-08-27 06:49,0
124,一级评论,up主,up主,国与亨,15308962,爷爷晚上好！虾仁和西兰花都是我爱吃的,2022-08-26 21:43,0
124,二级评论,国与亨,15308962,景秀前程老周抗癌中,1403656459,哈哈，谢谢你！,2022-08-26 21:43,0
125,一级评论,up主,up主,深夜的情绪,503885940,加油！,2022-08-26 21:39,0
125,二级评论,深夜的情绪,503885940,景秀前程老周抗癌中,1403656459,谢谢你！,2022-08-26 21:39,0
126,一级评论,up主,up主,驴孩白杨,353429061,看起来真不错！,2022-08-26 21:36,0
126,二级评论,驴孩白杨,353429061,景秀前程老周抗癌中,1403656459,谢谢你！,2022-08-26 21:39,0
127,一级评论,up主,up主,怪离w,146748842,爷爷晚上好呀！过几天就要开学了没办法看爷爷了今天的菜好好吃的样子！！！,2022-08-26 21:35,0
127,二级评论,怪离w,146748842,景秀前程老周抗癌中,1403656459,学业为重！谢谢你！,2022-08-26 21:39,0
128,一级评论,up主,up主,刑天-小哥哥,1453081499,爷爷加油，跟着爷爷学做饭嘿嘿。,2022-08-26 21:34,0
128,二级评论,刑天-小哥哥,1453081499,景秀前程老周抗癌中,1403656459,谢谢你！,2022-08-26 21:39,0
129,一级评论,up主,up主,张三之道,2143116359,每日一打卡，胃癌再见啦,2022-08-26 21:25,0
129,二级评论,张三之道,2143116359,景秀前程老周抗癌中,1403656459,谢谢你！,2022-08-26 21:39,0
130,一级评论,up主,up主,你的小鲨瓜,1333703359,对不起爷爷，今天有事，没看到您的直播,2022-08-26 21:20,0
130,二级评论,你的小鲨瓜,1333703359,景秀前程老周抗癌中,1403656459,没事，谢谢你！,2022-08-26 21:22,0
131,一级评论,up主,up主,Faith_13,350259624,加油爷爷,2022-08-26 21:13,0
131,二级评论,Faith_13,350259624,景秀前程老周抗癌中,1403656459,谢谢你,2022-08-26 21:22,0
132,一级评论,up主,up主,电丘丘,439730,爷爷加油！,2022-08-26 21:10,0
132,二级评论,电丘丘,439730,景秀前程老周抗癌中,1403656459,谢谢你,2022-08-26 21:22,0
133,一级评论,up主,up主,是一个好的昵称,1885780791,感觉真香啊，爷爷加油！,2022-08-26 21:04,0
133,二级评论,是一个好的昵称,1885780791,景秀前程老周抗癌中,1403656459,谢谢你,2022-08-26 21:19,1
134,一级评论,up主,up主,゛羽祭ヅ,387579035,加油！,2022-08-26 20:59,0
134,二级评论,゛羽祭ヅ,387579035,景秀前程老周抗癌中,1403656459,谢谢你,2022-08-27 06:50,0
135,一级评论,up主,up主,账号已注销,1471021935,爷爷晚上好！,2022-08-26 20:47,0
135,二级评论,账号已注销,1471021935,景秀前程老周抗癌中,1403656459,谢谢你,2022-08-27 06:49,0
136,一级评论,up主,up主,埋头苦干的老五,1282850131,爷爷每天都要开开心心的！加油！,2022-08-26 20:45,0
136,二级评论,埋头苦干的老五,1282850131,景秀前程老周抗癌中,1403656459,谢谢你,2022-08-27 06:50,0
137,一级评论,up主,up主,记住柯拉斯史特朗哥,19536503,看得出来爷爷很喜欢虾仁,2022-08-26 20:44,0
137,二级评论,记住柯拉斯史特朗哥,19536503,景秀前程老周抗癌中,1403656459,谢谢你,2022-08-27 06:49,0
138,一级评论,up主,up主,JOYboom,167198239,爷爷做得好棒呀！明天安排上哈哈哈 爱您哦 一切顺利,2022-08-26 20:42,0
138,二级评论,JOYboom,167198239,JOYboom,167198239,回复 @景秀前程老周抗癌中 :,2022-08-27 11:25,0
138,二级评论,JOYboom,167198239,景秀前程老周抗癌中,1403656459,谢谢你！,2022-08-27 06:49,0
139,一级评论,up主,up主,黎子曾,672946680,加油😊,2022-08-26 20:39,0
139,二级评论,黎子曾,672946680,景秀前程老周抗癌中,1403656459,谢谢你,2022-08-27 06:49,0
140,一级评论,up主,up主,佳哈哈哈哈哈哈哈哈,1695665723,爷爷加油,2022-08-26 20:24,0
140,二级评论,佳哈哈哈哈哈哈哈哈,1695665723,景秀前程老周抗癌中,1403656459,谢谢你,2022-08-26 21:19,0
141,一级评论,up主,up主,你是想气死250酱吗,389764234,,2022-08-26 20:23,0
141,二级评论,你是想气死250酱吗,389764234,景秀前程老周抗癌中,1403656459,谢谢你,2022-08-26 21:19,0
142,一级评论,up主,up主,吃不饱的喜宝,442366363,爷爷加油,2022-08-26 20:12,0
142,二级评论,吃不饱的喜宝,442366363,景秀前程老周抗癌中,1403656459,谢谢你,2022-08-26 21:19,0
143,一级评论,up主,up主,越过这座岭,1774117763,爷爷加油,2022-08-26 20:09,0
143,二级评论,越过这座岭,1774117763,景秀前程老周抗癌中,1403656459,谢谢你,2022-08-26 21:20,1
144,一级评论,up主,up主,落云晨balabala,700289588,爷爷晚上好 今天又来给爷爷加油啦,2022-08-26 20:07,0
144,二级评论,落云晨balabala,700289588,景秀前程老周抗癌中,1403656459,谢谢你,2022-08-26 21:19,0
145,一级评论,up主,up主,鱼翅烧钻石,299714839,爷爷加油,2022-08-26 20:04,0
145,二级评论,鱼翅烧钻石,299714839,景秀前程老周抗癌中,1403656459,谢谢你,2022-08-26 21:19,1
146,一级评论,up主,up主,费城76人-詹姆斯哈登,1662859170,我又来了，爷爷加油哦,2022-08-26 19:59,0
146,二级评论,费城76人-詹姆斯哈登,1662859170,景秀前程老周抗癌中,1403656459,谢谢你,2022-08-26 21:19,0
147,一级评论,up主,up主,参团鱼ing,687477856,加油啊,2022-08-26 19:58,0
147,二级评论,参团鱼ing,687477856,景秀前程老周抗癌中,1403656459,谢谢你,2022-08-26 21:21,0
148,一级评论,up主,up主,PizzaBoy-,431763527,爷爷晚上好，我今天也吃了西兰花！,2022-08-26 19:56,0
148,二级评论,PizzaBoy-,431763527,景秀前程老周抗癌中,1403656459,谢谢你,2022-08-26 21:19,0
149,一级评论,up主,up主,鸽一头头头,1051579520,爷爷加油！每日打卡,2022-08-26 19:53,0
149,二级评论,鸽一头头头,1051579520,景秀前程老周抗癌中,1403656459,谢谢你,2022-08-26 21:21,0
150,一级评论,up主,up主,捣个大蒜头,3461564782873324,有点晚，但没事，爷爷加油,2022-08-26 19:38,0
150,二级评论,捣个大蒜头,3461564782873324,景秀前程老周抗癌中,1403656459,谢谢你,2022-08-26 21:21,0
151,一级评论,up主,up主,蜂蜜茯苓松花糕,494241576,爷爷可以加个广告,2022-08-26 19:36,0
151,二级评论,蜂蜜茯苓松花糕,494241576,景秀前程老周抗癌中,1403656459,谢谢你,2022-08-26 21:20,0
152,一级评论,up主,up主,欧拉都不敢这么证,290299777,爷爷晚上好，今天晚了点,2022-08-26 19:30,0
152,二级评论,欧拉都不敢这么证,290299777,景秀前程老周抗癌中,1403656459,谢谢你,2022-08-26 21:21,0
153,一级评论,up主,up主,M-forest小森,441029484,加油 您一定会成功的,2022-08-26 19:28,0
153,二级评论,M-forest小森,441029484,景秀前程老周抗癌中,1403656459,谢谢你,2022-08-26 21:21,0
154,一级评论,up主,up主,是野原智颖呀,388972739,爷爷加油！,2022-08-26 19:22,0
154,二级评论,是野原智颖呀,388972739,景秀前程老周抗癌中,1403656459,谢谢你,2022-08-26 21:21,0
155,一级评论,up主,up主,壹只余,34330308,爷爷晚上好，今天也是好好生活的一天！,2022-08-26 19:20,0
155,二级评论,壹只余,34330308,景秀前程老周抗癌中,1403656459,谢谢你,2022-08-26 21:20,0
156,一级评论,up主,up主,斟酒随义,15729061,放假在家不知道吃什么，就扒拉扒拉爷爷视频选菜做，有人给我做选择的快乐太棒了！！,2022-08-26 19:16,0
156,二级评论,斟酒随义,15729061,景秀前程老周抗癌中,1403656459,谢谢你,2022-08-26 21:20,0
157,一级评论,up主,up主,-千夜chiya-,196904784,爷爷晚上好,2022-08-26 19:13,0
157,二级评论,-千夜chiya-,196904784,景秀前程老周抗癌中,1403656459,谢谢你,2022-08-26 21:21,0
158,一级评论,up主,up主,博学丶柯基,1890015554,我是博学！请爷爷记住我！,2022-08-26 19:02,0
158,二级评论,博学丶柯基,1890015554,景秀前程老周抗癌中,1403656459,谢谢你,2022-08-26 21:20,1
159,一级评论,up主,up主,oxgd,121242636,周爷爷加油！,2022-08-26 19:02,0
159,二级评论,oxgd,121242636,景秀前程老周抗癌中,1403656459,谢谢你,2022-08-26 21:21,0
160,一级评论,up主,up主,账号已注销,485333377,爷爷我来啦~好喜欢吃虾仁的哈哈哈~,2022-08-26 18:59,0
160,二级评论,账号已注销,485333377,景秀前程老周抗癌中,1403656459,谢谢你,2022-08-27 06:50,0
161,一级评论,up主,up主,子慕event,415074760,热乎的好,2022-08-26 18:58,0
161,二级评论,子慕event,415074760,景秀前程老周抗癌中,1403656459,谢谢你,2022-08-26 21:21,0
162,一级评论,up主,up主,中岛敦的修狗,1412603000,,2022-08-26 18:55,0
162,二级评论,中岛敦的修狗,1412603000,景秀前程老周抗癌中,1403656459,谢谢你,2022-08-26 21:21,1
163,一级评论,up主,up主,郁书天,1701719659,666,2022-08-26 18:44,0
163,二级评论,郁书天,1701719659,景秀前程老周抗癌中,1403656459,谢谢你！,2022-08-26 18:45,0
164,一级评论,up主,up主,白鸟入梦,11021368,加油爷爷,2022-08-26 18:41,0
164,二级评论,白鸟入梦,11021368,景秀前程老周抗癌中,1403656459,谢谢你！,2022-08-26 18:42,0
165,一级评论,up主,up主,泡芙小当家,476260286,看起来好好吃！今晚就做这道菜啦！,2022-08-26 18:40,0
165,二级评论,泡芙小当家,476260286,景秀前程老周抗癌中,1403656459,哈哈，谢谢你！,2022-08-26 18:41,0
166,一级评论,up主,up主,Asaishero,180336258,倒我嘴里,2022-08-26 18:40,0
166,二级评论,Asaishero,180336258,景秀前程老周抗癌中,1403656459,哈哈，谢谢你！,2022-08-26 18:41,0
167,一级评论,up主,up主,没能守住副本的骷髅,523984821,爷爷加油，你会好起来的,2022-08-26 18:40,0
167,二级评论,没能守住副本的骷髅,523984821,景秀前程老周抗癌中,1403656459,谢谢你！,2022-08-26 18:41,0
168,一级评论,up主,up主,一个路过的233,1311763705,爷爷加油啊。投币了。,2022-08-26 18:38,0
168,二级评论,一个路过的233,1311763705,景秀前程老周抗癌中,1403656459,谢谢你,2022-08-26 18:38,1
169,一级评论,up主,up主,biangbiang老吴,10765557,起锅，加油！,2022-08-26 18:38,0
169,二级评论,biangbiang老吴,10765557,景秀前程老周抗癌中,1403656459,谢谢你,2022-08-26 18:39,0
170,一级评论,up主,up主,是怂怂不是宋宋阿,477346679,爷爷加油呀～,2022-08-26 18:37,0
170,二级评论,是怂怂不是宋宋阿,477346679,景秀前程老周抗癌中,1403656459,谢谢你,2022-08-26 18:38,0
171,一级评论,up主,up主,羟基梭哈了羧基,660498693,爷爷加油！,2022-08-26 18:37,0
171,二级评论,羟基梭哈了羧基,660498693,景秀前程老周抗癌中,1403656459,谢谢你,2022-08-26 18:38,0
172,一级评论,up主,up主,中国小潮超级大战士,538216264,爷爷加油呀！！！看起来好好吃😋,2022-08-26 18:36,0
172,二级评论,中国小潮超级大战士,538216264,景秀前程老周抗癌中,1403656459,谢谢你！,2022-08-26 18:38,0
173,一级评论,up主,up主,洪武皇帝明太祖,1805531881,爷爷有没有胖一点呀,2022-08-26 18:36,0
173,二级评论,洪武皇帝明太祖,1805531881,景秀前程老周抗癌中,1403656459,长了点，谢谢你！,2022-08-26 18:38,1
174,一级评论,up主,up主,厨师掌,12921362,加油啊,2022-08-26 18:35,0
174,二级评论,厨师掌,12921362,景秀前程老周抗癌中,1403656459,谢谢你！,2022-08-26 18:36,0
175,一级评论,up主,up主,河坝里的河豚,1395840373,加油！,2022-08-26 18:34,0
175,二级评论,河坝里的河豚,1395840373,景秀前程老周抗癌中,1403656459,谢谢你！,2022-08-26 18:35,0
176,一级评论,up主,up主,冷暖小千,412641434,又是好有营养的一道菜,2022-08-26 18:34,0
176,二级评论,冷暖小千,412641434,景秀前程老周抗癌中,1403656459,谢谢你呀,2022-08-26 18:34,0
177,一级评论,up主,up主,敬程程,1708317668,加油,2022-08-26 18:35,0
177,二级评论,敬程程,1708317668,景秀前程老周抗癌中,1403656459,谢谢你！,2022-08-26 18:35,0
178,一级评论,up主,up主,宇智波北海i,698008186,加油!,2022-08-26 18:33,0
178,二级评论,宇智波北海i,698008186,景秀前程老周抗癌中,1403656459,谢谢你！,2022-08-26 18:34,0
